settlement_id,settled_on,gateway_ref_id,bank_utr,amount_received,source,narration,batch_id
STL-00013,2026-08-15,pay_000013F,UTR000400013,360.00,RAZORPAY,RAZORPAY SETTLEMENT UTR000400013,1
STL-00051-D,2026-08-14,pay_000051A,UTR000900051,599.50,RAZORPAY,RAZORPAY SETTLEMENT REPOST UTR000400051,2
STL-00027,2026-08-11,,UTR000400027,2499.99,BANK,NEFT CR 000400027 XXXXX,2
STL-00063,2026-08-15,,UTR000400063,349.50,BANK,NEFT CR 000400063 XXXXX,2
STL-00084,2026-08-11,,UTR000400084,869.50,BANK,NEFT CR-DELHIVERY COD REMIT-UTR000400084,2
STL-00034,2026-08-09,pay_000034C,UTR000400034,883.10,RAZORPAY,RAZORPAY SETTLEMENT UTR000400034,1
STL-X1001,2026-08-01,,UTR000700101,8420.00,BANK,NEFT CR-STRIPE PAYMENTS-UTR000700101,1
STL-00064,2026-08-23,pay_000064A,UTR000400064,1896.50,RAZORPAY,RAZORPAY SETTLEMENT UTR000400064,2
STL-00067,2026-08-15,pay_000067C,UTR000400067,1249.99,RAZORPAY,RAZORPAY SETTLEMENT UTR000400067,2
STL-00057,2026-08-24,,UTR000400057,9949.50,BANK,IMPS/BLUEDART/COD-SETL/0057,2
STL-00047,2026-08-29,pay_000047A,UTR000400047,1249.99,RAZORPAY,RAZORPAY SETTLEMENT UTR000400047,1
STL-00051,2026-08-13,pay_000051A,UTR000400051,599.50,RAZORPAY,RAZORPAY SETTLEMENT UTR000400051,2
STL-X2002,2026-08-25,,UTR000700202,6160.00,BANK,IMPS/UTR000700202/MISC CREDIT,2
STL-BULK02,2026-08-25,,UTR000850002,3410.56,BANK,IMPS/BLUEDART/COD-SETL/BATCH02,2
STL-00088,2026-08-13,pay_000088D,UTR000400088,1227.39,RAZORPAY,RAZORPAY SETTLEMENT UTR000400088,2
STL-00053,2026-08-29,,UTR000400053,461.25,BANK,IMPS/BLUEDART/COD-SETL/0053,2
STL-00082,2026-08-06,pay_000082B,UTR000400082,2499.50,RAZORPAY,RAZORPAY SETTLEMENT UTR000400082,2
STL-X2001,2026-08-07,,UTR000700201,2991.00,BANK,IMPS/UTR000700201/MISC CREDIT,2
STL-00030,2026-08-20,,UTR000400030,2499.50,BANK,RTGS-ECOMEXP-CODCOLL-400030,2
STL-00044,2026-08-24,pay_000044D,UTR000400044,6499.50,RAZORPAY,RAZORPAY SETTLEMENT UTR000400044,1
STL-00010,2026-08-07,pay_000010F,UTR000400010,897.99,RAZORPAY,RAZORPAY SETTLEMENT UTR000400010,1
STL-00043,2026-08-05,pay_000043D,UTR000400043,6384.96,RAZORPAY,RAZORPAY SETTLEMENT UTR000400043,1
STL-00086,2026-08-11,pay_000086A,UTR000400086,899.99,RAZORPAY,RAZORPAY SETTLEMENT UTR000400086,2
STL-00092,2026-08-19,pay_000092E,UTR000400092,1249.99,RAZORPAY,RAZORPAY SETTLEMENT UTR000400092,2
STL-00014,2026-08-04,pay_000014C,UTR000400014,6499.00,RAZORPAY,RAZORPAY SETTLEMENT UTR000400014,1
STL-00087,2026-08-04,pay_000087F,UTR000400087,899.99,RAZORPAY,RAZORPAY SETTLEMENT UTR000400087,2
STL-00094,2026-08-09,pay_000094B,UTR000400094,1227.39,RAZORPAY,RAZORPAY SETTLEMENT UTR000400094,2
STL-00089,2026-08-28,pay_000089B,UTR000400089,599.00,RAZORPAY,RAZORPAY SETTLEMENT UTR000400089,2
STL-00025,2026-08-09,,UTR000400025,899.00,BANK,NEFT CR-PRIYA DESAI-UTR000400025,1
STL-00023,2026-08-31,pay_000023D,UTR000400023,6499.00,RAZORPAY,RAZORPAY SETTLEMENT UTR000400023,1
STL-00065,2026-08-22,,UTR000400065,329.00,BANK,RTGS-ECOMEXP-CODCOLL-400065,2
STL-00055,2026-08-26,,UTR000400055,9979.00,BANK,RTGS-ECOMEXP-CODCOLL-400055,2
STL-00066,2026-08-19,,UTR000400066,1899.00,BANK,NEFT CR-PRIYA DESAI-UTR000400066,2
STL-00076,2026-08-31,,UTR000400076,2499.50,BANK,NEFT CR-KARTIK JOSHI-UTR000400076,2
STL-00071,2026-08-28,pay_000071B,UTR000400071,3999.99,RAZORPAY,RAZORPAY SETTLEMENT UTR000400071,2
STL-00040,2026-08-08,pay_000040F,UTR000400040,588.41,RAZORPAY,RAZORPAY SETTLEMENT UTR000400040,1
STL-00098,2026-08-02,pay_000098D,UTR000400098,1899.50,RAZORPAY,RAZORPAY SETTLEMENT UTR000400098,2
STL-00075,2026-08-08,pay_000075B,UTR000400075,344.07,RAZORPAY,RAZORPAY SETTLEMENT UTR000400075,2
STL-00056,2026-08-31,pay_000056D,UTR000400056,1873.10,RAZORPAY,RAZORPAY SETTLEMENT UTR000400056,2
STL-00085,2026-08-05,pay_000085A,UTR000400085,1899.50,RAZORPAY,RAZORPAY SETTLEMENT UTR000400085,2
STL-BULK01,2026-08-24,,UTR000850001,1655.56,BANK,NEFT CR-DELHIVERY COD REMIT-UTR000850001,1
STL-00073,2026-08-03,pay_000073C,UTR000400073,9999.99,RAZORPAY,RAZORPAY SETTLEMENT UTR000400073,2
STL-00041,2026-08-03,pay_000041B,UTR000400041,2455.27,RAZORPAY,RAZORPAY SETTLEMENT UTR000400041,1
STL-00093,2026-08-22,pay_000093F,UTR000400093,2088.90,RAZORPAY,RAZORPAY SETTLEMENT UTR000400093,2
STL-00070,2026-08-13,pay_000070D,UTR000400070,6384.96,RAZORPAY,RAZORPAY SETTLEMENT UTR000400070,2
STL-00007,2026-08-17,pay_000007A,UTR000400007,9999.99,RAZORPAY,RAZORPAY SETTLEMENT UTR000400007,1
STL-00035,2026-08-20,,UTR000400035,874.50,BANK,IMPS/BLUEDART/COD-SETL/0035,1
STL-00011,2026-08-18,pay_000011A,UTR000400011,9999.50,RAZORPAY,RAZORPAY SETTLEMENT UTR000400011,1
STL-00009,2026-08-12,pay_000009E,UTR000400009,591.02,RAZORPAY,RAZORPAY SETTLEMENT UTR000400009,1
STL-00042,2026-08-15,,UTR000400042,3999.99,BANK,NEFT CR-DELHIVERY COD REMIT-UTR000400042,1
STL-00022,2026-08-10,,UTR000400022,899.99,BANK,NEFT CR-NISHA VERMA-UTR000400022,1
STL-00026,2026-08-26,pay_000026A,UTR000400026,599.00,RAZORPAY,RAZORPAY SETTLEMENT UTR000400026,1
STL-00024,2026-08-09,pay_000024C,UTR000400024,2000.00,RAZORPAY,RAZORPAY SETTLEMENT UTR000400024,1
STL-00039,2026-08-24,pay_000039C,UTR000400039,10999.45,RAZORPAY,RAZORPAY SETTLEMENT UTR000400039,1
STL-00096,2026-08-27,,UTR000400096,1224.00,BANK,NEFT CR-DELHIVERY COD REMIT-UTR000400096,2
STL-00090,2026-08-22,pay_000090E,UTR000400090,899.00,RAZORPAY,RAZORPAY SETTLEMENT UTR000400090,2
STL-00095,2026-08-24,,UTR000400095,3999.00,BANK,RTGS-ECOMEXP-CODCOLL-400095,2
STL-00045,2026-08-27,pay_000045D,UTR000400045,347.00,RAZORPAY,RAZORPAY SETTLEMENT UTR000400045,1
STL-00014-D,2026-08-05,pay_000014C,UTR000900014,6499.00,RAZORPAY,RAZORPAY SETTLEMENT REPOST UTR000400014,1
STL-00077,2026-08-29,pay_000077B,UTR000400077,1249.99,RAZORPAY,RAZORPAY SETTLEMENT UTR000400077,2
STL-00072,2026-08-08,pay_000072C,UTR000400072,9997.00,RAZORPAY,RAZORPAY SETTLEMENT UTR000400072,2
STL-00052,2026-08-24,pay_000052C,UTR000400052,580.29,RAZORPAY,RAZORPAY SETTLEMENT UTR000400052,2
STL-00083,2026-08-13,pay_000083D,UTR000400083,9999.00,RAZORPAY,RAZORPAY SETTLEMENT UTR000400083,2
STL-00036,2026-08-28,pay_000036C,UTR000400036,886.28,RAZORPAY,RAZORPAY SETTLEMENT UTR000400036,1
STL-00019,2026-08-14,pay_000019E,UTR000400019,2464.12,RAZORPAY,RAZORPAY SETTLEMENT UTR000400019,1
STL-00061,2026-08-15,,UTR000400061,899.00,BANK,RTGS-ECOMEXP-CODCOLL-400061,2
STL-00054,2026-08-27,pay_000054D,UTR000400054,2499.50,RAZORPAY,RAZORPAY SETTLEMENT UTR000400054,2
STL-00059,2026-08-28,pay_000059A,UTR000400059,1877.10,RAZORPAY,RAZORPAY SETTLEMENT UTR000400059,2
STL-00062,2026-08-31,pay_000062E,UTR000400062,2455.76,RAZORPAY,RAZORPAY SETTLEMENT UTR000400062,2
STL-00068,2026-08-04,pay_000068E,UTR000400068,862.98,RAZORPAY,RAZORPAY SETTLEMENT UTR000400068,2
STL-00060,2026-08-05,pay_000060A,UTR000400060,3999.50,RAZORPAY,RAZORPAY SETTLEMENT UTR000400060,2
STL-00029,2026-08-19,pay_000029F,UTR000400029,9823.01,RAZORPAY,RAZORPAY SETTLEMENT UTR000400029,1
STL-00021,2026-08-11,pay_000021F,UTR000400021,6407.97,RAZORPAY,RAZORPAY SETTLEMENT UTR000400021,1
STL-00020,2026-08-13,,UTR000400020,549.99,BANK,RTGS-ECOMEXP-CODCOLL-400020,1
STL-SHADOW01,2026-08-29,pay_shadow1536A,UTR000800001,1249.99,RAZORPAY,RAZORPAY SETTLEMENT UTR000800001,1
STL-00099,2026-08-25,pay_000099D,UTR000400099,344.07,RAZORPAY,RAZORPAY SETTLEMENT UTR000400099,2
STL-00069,2026-08-20,pay_000069F,UTR000400069,2499.00,RAZORPAY,RAZORPAY SETTLEMENT UTR000400069,2
STL-00017,2026-08-13,pay_000017F,UTR000400017,3999.99,RAZORPAY,RAZORPAY SETTLEMENT UTR000400017,1
STL-00080,2026-08-21,pay_000080C,UTR000400080,6499.00,RAZORPAY,RAZORPAY SETTLEMENT UTR000400080,2
STL-00003,2026-08-19,pay_000003C,UTR000400003,9997.00,RAZORPAY,RAZORPAY SETTLEMENT UTR000400003,1
STL-00048,2026-08-03,pay_000048B,UTR000400048,2499.00,RAZORPAY,RAZORPAY SETTLEMENT UTR000400048,1
STL-X1002,2026-08-28,,UTR000700102,5764.00,BANK,NEFT CR-UNKNOWN REMITTER-UTR000700102,1
STL-00081,2026-08-16,pay_000081A,UTR000400081,9999.00,RAZORPAY,RAZORPAY SETTLEMENT UTR000400081,2
STL-00038,2026-08-10,,UTR000400038,6499.50,BANK,NEFT CR 000400038 XXXXX,1
STL-00033,2026-08-30,pay_000033A,UTR000400033,1226.90,RAZORPAY,RAZORPAY SETTLEMENT UTR000400033,1
STL-00050,2026-08-17,pay_000050D,UTR000400050,449.63,RAZORPAY,RAZORPAY SETTLEMENT UTR000400050,1
STL-00031,2026-08-19,,UTR000400031,2459.50,BANK,NEFT CR-DELHIVERY COD REMIT-UTR000400031,1
STL-00032,2026-08-10,pay_000032F,UTR000400032,1203.33,RAZORPAY,RAZORPAY SETTLEMENT UTR000400032,1
STL-00001,2026-08-05,pay_000001F,UTR000400001,1249.00,RAZORPAY,RAZORPAY SETTLEMENT UTR000400001,1
STL-SHADOW02,2026-08-03,pay_shadow2863A,UTR000800002,9999.99,RAZORPAY,RAZORPAY SETTLEMENT UTR000800002,2
STL-00015,2026-08-07,pay_000015E,UTR000400015,6499.99,RAZORPAY,RAZORPAY SETTLEMENT UTR000400015,1
STL-00046,2026-08-23,pay_000046B,UTR000400046,2499.00,RAZORPAY,RAZORPAY SETTLEMENT UTR000400046,1
STL-00018,2026-08-06,pay_000018C,UTR000400018,899.50,RAZORPAY,RAZORPAY SETTLEMENT UTR000400018,1
STL-00100,2026-08-25,,UTR000400100,1209.00,BANK,RTGS-ECOMEXP-CODCOLL-400100,2
STL-00016,2026-08-05,,UTR000400016,2231.63,BANK,RTGS-ECOMEXP-CODCOLL-400016,1
